id,first_name,last_name,email,gender,ip_address
1,Calvin,Mowlam,cmowlam0@constantcontact.com,Male,68.148.9.144
2,,Espadate,pespadate1@sfgate.com,Female,60.166.251.226
3,Thor,Moscone,tmoscone2@foxnews.com,Male,99.92.7.153
4,Alyson,Gibson,agibson3@hhs.gov,Female,32.142.209.57
5,Judie,Hutchin,jhutchin4@qq.com,Female,132.166.11.54
6,,Rysom,srysom5@psu.edu,Male,201.249.255.30
7,Skelly,Shirland,sshirland6@utexas.edu,Male,45.148.58.155
8,Tally,Hartley,thartley7@vkontakte.ru,Female,179.8.81.99
9,Lorelei,Delhay,ldelhay8@purevolume.com,Polygender,218.156.155.167
10,Andres,Papworth,apapworth9@storify.com,Male,98.36.249.84
11,Audrie,Saph,asapha@cbc.ca,Female,9.174.92.166
12,Sheba,Legendre,slegendreb@barnesandnoble.com,Female,107.205.247.172
13,Antons,Kerley,akerleyc@ustream.tv,Male,120.170.43.157
14,Noelyn,Clemetts,nclemettsd@flickr.com,Female,168.239.145.205
15,,Thackham,ethackhame@upenn.edu,Male,152.64.68.96
16,Harland,Sterman,hstermanf@nationalgeographic.com,Male,
17,Imojean,Santora,isantorag@dell.com,Female,92.80.65.208
18,Francesca,Pridding,fpriddingh@squarespace.com,Bigender,131.68.98.125
19,Trace,Rosenbush,trosenbushi@photobucket.com,Male,80.16.27.236
20,,Bewlie,dbewliej@twitpic.com,Male,122.48.72.18
21,,Klimaszewski,cklimaszewskik@freewebs.com,,237.98.235.107
22,Avivah,Bote,abotel@gravatar.com,Female,
23,Freeland,Reuven,freuvenm@foxnews.com,Male,173.122.104.178
24,Jackelyn,Brando,jbrandon@washingtonpost.com,Female,75.0.21.203
25,Robin,Morley,rmorleyo@domainmarket.com,Female,214.105.207.16
26,Norene,,nlugtonp@mac.com,Female,125.154.38.61
27,,Presdie,kpresdieq@thetimes.co.uk,Male,228.96.20.19
28,Farra,Hemphrey,fhemphreyr@pbs.org,Female,87.30.181.40
29,Lesli,Hurdle,lhurdles@amazon.com,Female,141.148.61.134
30,Amandie,Rhodus,arhodust@noaa.gov,Female,31.59.91.100
31,Greta,,gosheerinu@jiathis.com,Female,111.5.17.145
32,Kaitlyn,Warrier,kwarrierv@weather.com,Female,36.78.239.185
33,Onfroi,Woolerton,owoolertonw@aol.com,Male,250.205.135.184
34,Annabal,Askin,aaskinx@cloudflare.com,Female,27.93.129.225
35,Trixie,Monaghan,tmonaghany@163.com,Female,222.82.137.207
36,Josselyn,Michelle,jmichellez@cdbaby.com,Female,154.40.88.126
37,Therine,Waplington,twaplington10@zdnet.com,Female,135.234.90.175
38,Bobby,,bgrevatt11@lulu.com,Genderqueer,179.3.189.122
39,Rodrigo,Clingan,rclingan12@lycos.com,Male,217.41.118.19
40,Magdaia,Wingrove,mwingrove13@google.nl,Female,217.59.74.29
41,Murry,Giraudo,mgiraudo14@feedburner.com,Male,85.147.225.236
42,Arnie,Charpling,acharpling15@whitehouse.gov,Male,
43,Moise,Meffan,mmeffan16@biblegateway.com,Male,114.15.68.77
44,Rutledge,Binch,rbinch17@columbia.edu,Male,201.40.56.8
45,Marena,Claricoates,mclaricoates18@reference.com,Female,52.117.196.229
46,Francklyn,Ahmad,fahmad19@wix.com,Male,129.97.112.143
47,Eda,Elis,eelis1a@scientificamerican.com,Female,203.187.190.76
48,Mella,Rozanski,mrozanski1b@howstuffworks.com,,106.207.200.153
49,Merry,Edinburgh,,Female,108.105.176.119
50,Emlynn,Caukill,ecaukill1d@etsy.com,Female,
51,Humbert,Robertacci,hrobertacci1e@forbes.com,Male,
52,Mattias,Simonite,,Male,104.105.166.198
53,Averil,,aboykett1g@bbb.org,Female,99.238.16.134
54,Ulick,Beringer,uberinger1h@opensource.org,Male,
55,Abby,Gigg,agigg1i@360.cn,Male,25.223.77.253
56,Tory,Hallford,,Female,182.61.237.152
57,Alida,Widdowson,awiddowson1k@biglobe.ne.jp,Female,247.8.51.139
58,Stan,Earlam,searlam1l@so-net.ne.jp,Male,119.70.200.41
59,Vince,McCrackan,vmccrackan1m@123-reg.co.uk,Male,38.27.35.28
60,Gisella,Harsnep,gharsnep1n@timesonline.co.uk,Female,243.101.146.67
61,Mathian,Etherson,metherson1o@bravesites.com,Male,52.91.0.30
62,Ernestine,Tabner,,Female,157.103.250.86
63,Francoise,Clearley,fclearley1q@tripod.com,Female,207.53.255.102
64,Mayne,Drogan,mdrogan1r@soup.io,Male,213.80.185.169
65,Krispin,Larchiere,klarchiere1s@weather.com,Male,28.62.194.168
66,Carly,Tennant,ctennant1t@instagram.com,Non-binary,211.37.63.41
67,Verile,,,Female,21.61.62.71
68,Dulcea,Ambresin,dambresin1v@simplemachines.org,Female,206.168.94.47
69,Nerty,Rocco,nrocco1w@reuters.com,Female,
70,Eugenio,Durdan,edurdan1x@photobucket.com,Male,191.170.231.201
71,Ernesto,Carle,ecarle1y@imgur.com,Male,215.200.26.8
72,Page,Mettericke,pmettericke1z@pcworld.com,Male,201.192.164.248
73,Olive,Loody,oloody20@squidoo.com,Female,80.36.95.229
74,Valencia,Alphonso,valphonso21@hao123.com,Female,32.204.136.133
75,Roosevelt,Bewsy,,Male,242.13.42.184
76,Hyacinthie,Pedersen,hpedersen23@jugem.jp,Female,105.36.164.36
77,Ofelia,Dickon,odickon24@theguardian.com,Female,
78,Esteban,Claricoats,eclaricoats25@plala.or.jp,,63.7.147.254
79,Tabor,Yesson,tyesson26@pen.io,Male,169.149.20.229
80,Carline,Duffil,cduffil27@yolasite.com,Female,238.177.65.233
81,Nikaniki,Snelman,,Female,138.64.241.13
82,Westbrook,Philpotts,wphilpotts29@dagondesign.com,Male,253.102.55.35
83,Cornall,Thayre,cthayre2a@deliciousdays.com,Male,68.254.1.220
84,Hayyim,MacPharlain,hmacpharlain2b@amazonaws.com,Male,233.208.90.188
85,Shae,Izat,sizat2c@bbc.co.uk,Bigender,160.67.77.101
86,Evaleen,Overstall,eoverstall2d@histats.com,,70.201.167.190
87,Ashlin,Yoxall,ayoxall2e@usatoday.com,Male,
88,Isabelle,Crummey,icrummey2f@t.co,Female,56.35.92.213
89,Noreen,Towers,ntowers2g@icio.us,Female,153.48.95.10
90,Angeli,Giacomello,agiacomello2h@buzzfeed.com,Male,
91,Sydel,Duffill,sduffill2i@t.co,Female,
92,Fremont,Huxham,fhuxham2j@umich.edu,Non-binary,
93,Casper,MacParland,cmacparland2k@amazon.co.jp,Male,55.121.20.129
94,Merry,,mgarnsworth2l@pcworld.com,Male,0.75.43.89
95,Tori,Allam,,,9.200.215.96
96,Bradford,Uccelli,buccelli2n@arizona.edu,Male,
97,Averill,Lorinez,,Male,105.108.142.231
98,Ev,Sarfat,esarfat2p@friendfeed.com,Male,211.148.208.136
99,Sim,Sturmey,ssturmey2q@techcrunch.com,Male,
100,Ches,Stalman,cstalman2r@craigslist.org,Male,92.43.49.102
101,Caitlin,Wisniowski,cwisniowski2s@ezinearticles.com,Female,80.137.104.41
102,Elnar,Proschke,eproschke2t@t-online.de,Male,221.254.84.143
103,Katusha,Fozard,kfozard2u@newsvine.com,Female,
104,Valina,Balderston,vbalderston2v@tiny.cc,Female,
105,Laetitia,Jossum,ljossum2w@yale.edu,,233.214.85.77
106,Gothart,Brundrett,gbrundrett2x@narod.ru,Male,160.225.170.231
107,Minta,Disman,mdisman2y@ifeng.com,Female,5.224.23.215
108,Sally,Phoenix,sphoenix2z@redcross.org,Non-binary,178.88.179.53
109,Piper,Tewes,ptewes30@tmall.com,Female,113.193.186.184
110,Salomo,Giffin,sgiffin31@ed.gov,Male,81.52.244.77
111,Alard,Peealess,apeealess32@thetimes.co.uk,Male,
112,Milicent,Doubleday,mdoubleday33@wikimedia.org,Female,76.242.114.186
113,,Vorley,zvorley34@latimes.com,Female,114.42.190.56
114,Barret,Jodkowski,bjodkowski35@mtv.com,Polygender,65.7.75.27
115,Adolpho,Summerhayes,asummerhayes36@vkontakte.ru,Male,134.102.41.211
116,Heinrik,Rowberry,hrowberry37@shutterfly.com,Male,46.211.143.19
117,Babara,Laurand,blaurand38@mediafire.com,Female,17.217.143.49
118,Flossie,Lawey,flawey39@icio.us,,193.140.141.210
119,Augustus,Gobourn,agobourn3a@springer.com,Male,156.173.79.157
120,Coralyn,Chinery,,Female,253.151.1.166
121,Dulcea,Cotterel,dcotterel3c@tripadvisor.com,Female,162.211.209.189
122,Nicoline,Prose,nprose3d@si.edu,Female,235.108.51.240
123,Rice,Tatem,rtatem3e@vinaora.com,Male,237.62.141.216
124,Herta,Duffitt,hduffitt3f@vinaora.com,Female,99.149.21.81
125,Dennie,Millery,dmillery3g@blogspot.com,Female,73.28.124.54
126,Hephzibah,Ghidoni,hghidoni3h@cdc.gov,Bigender,
127,Shurlock,Chagg,schagg3i@joomla.org,Male,
128,Kali,McAnellye,kmcanellye3j@naver.com,Female,38.241.30.121
129,Aime,Smithin,asmithin3k@nasa.gov,Female,175.214.108.140
130,Pat,Rossoni,prossoni3l@yolasite.com,Female,208.157.133.53
131,Olin,Myring,omyring3m@trellian.com,Male,85.26.157.149
132,Adolphus,Leavry,aleavry3n@photobucket.com,Male,220.134.251.69
133,,Give,agive3o@webs.com,Male,
134,Ferris,Vize,fvize3p@cornell.edu,Male,
135,Zelda,Banasik,zbanasik3q@1688.com,Female,186.243.74.235
136,Vidovic,Toombes,vtoombes3r@reverbnation.com,Male,230.200.215.95
137,Wilmar,Steinham,wsteinham3s@cornell.edu,Male,69.116.162.113
138,Arleyne,Oldred,aoldred3t@yahoo.com,Female,117.226.91.203
139,Brody,,bbradane3u@java.com,Male,222.204.13.185
140,Frazer,Adamini,fadamini3v@ucoz.ru,,172.129.145.35
141,Sharl,Argyle,sargyle3w@usatoday.com,Female,52.115.14.216
142,Leigha,Bosche,lbosche3x@gnu.org,Female,135.153.13.27
143,Carroll,Dawson,cdawson3y@people.com.cn,Male,225.74.169.173
144,Veronica,Findley,vfindley3z@nba.com,Female,
145,Dreddy,Ivachyov,divachyov40@weibo.com,Female,239.102.233.151
146,Bord,Goodered,bgoodered41@europa.eu,Polygender,182.225.68.132
147,Ryley,Coalburn,rcoalburn42@wired.com,Male,211.167.40.93
148,Bernadette,McNae,bmcnae43@shutterfly.com,Non-binary,234.190.253.52
149,Keene,Honacker,khonacker44@nasa.gov,Male,134.148.165.4
150,Genni,Clifforth,gclifforth45@printfriendly.com,,205.218.41.119
151,Ofilia,Badger,obadger46@4shared.com,Female,175.74.120.133
152,Galina,Abelov,gabelov47@rakuten.co.jp,Female,211.186.229.241
153,Ivy,Fraschini,ifraschini48@live.com,Female,
154,Julissa,Espinosa,,,69.143.120.220
155,Legra,Oxbrow,loxbrow4a@ycombinator.com,,105.197.56.146
156,Devan,Beauly,dbeauly4b@columbia.edu,Female,45.76.118.194
157,Tades,Falconar,tfalconar4c@barnesandnoble.com,Male,
158,Anstice,Morehall,amorehall4d@prweb.com,,250.57.47.250
159,Nestor,Ritchard,nritchard4e@yahoo.com,Male,182.181.129.159
160,Emmott,Matterface,ematterface4f@livejournal.com,Male,
161,Pall,Ganiford,,Male,159.190.60.31
162,Nita,Malitrott,nmalitrott4h@list-manage.com,Genderfluid,
163,Weidar,Gulliford,wgulliford4i@gnu.org,Male,32.181.91.39
164,Erwin,M'Chirrie,emchirrie4j@ezinearticles.com,Male,187.252.126.77
165,Perice,Revance,prevance4k@squidoo.com,Genderqueer,
166,Horatius,Stoffels,hstoffels4l@opensource.org,Male,188.137.120.4
167,Starlin,,scoite4m@who.int,Female,154.49.121.234
168,Melisande,Storrah,mstorrah4n@liveinternet.ru,Female,42.220.174.215
169,Colver,Dericot,cdericot4o@dedecms.com,,13.151.109.134
170,Persis,,pstanman4p@bing.com,Female,105.251.28.128
171,,Dauby,cdauby4q@hugedomains.com,Male,198.177.207.231
172,Trevar,O'Roan,toroan4r@sciencedaily.com,,211.241.85.226
173,,Regardsoe,bregardsoe4s@cafepress.com,Male,82.201.45.110
174,Bat,Robichon,brobichon4t@weather.com,Male,215.77.138.27
175,Dall,Stenson,dstenson4u@apache.org,,251.136.234.117
176,Lilith,Annwyl,lannwyl4v@cdc.gov,Female,60.178.156.239
177,Clarke,Carl,ccarl4w@ucoz.com,Male,
178,,Dwane,cdwane4x@bloomberg.com,Male,
179,Nettle,Rouby,nrouby4y@tumblr.com,Female,68.89.57.243
180,Reginauld,Menure,,Male,171.254.53.77
181,Janene,Anniwell,janniwell50@qq.com,,115.141.174.223
182,Lona,Murra,lmurra51@umich.edu,Female,57.15.244.245
183,Lotti,Hune,lhune52@about.me,,43.133.41.247
184,Randee,Mainson,rmainson53@sourceforge.net,Female,103.50.18.69
185,Lawrence,Prugel,lprugel54@nih.gov,Male,
186,Donalt,Antunez,dantunez55@usgs.gov,Male,188.106.178.3
187,,Grimston,kgrimston56@nytimes.com,Female,216.180.196.17
188,Elton,Sadler,esadler57@quantcast.com,Male,42.74.39.82
189,Packston,McMenamy,pmcmenamy58@reddit.com,Bigender,22.133.41.169
190,Mario,Gomersal,mgomersal59@miibeian.gov.cn,Male,247.66.160.17
191,Ellwood,Wayland,ewayland5a@ehow.com,Male,141.15.248.176
192,Ericha,Basindale,ebasindale5b@bloomberg.com,Agender,143.42.66.80
193,Perceval,Hallihan,phallihan5c@51.la,Male,206.34.230.250
194,Lorain,Kordovani,lkordovani5d@rambler.ru,Female,255.221.2.25
195,Alard,Beckhurst,abeckhurst5e@privacy.gov.au,Male,124.87.241.198
196,Dalt,Rigney,drigney5f@si.edu,Polygender,141.108.36.39
197,Sophey,Klimas,sklimas5g@weather.com,Female,152.231.9.52
198,Worden,Forsdyke,wforsdyke5h@wp.com,Male,11.248.251.137
199,Orel,Elsworth,oelsworth5i@nps.gov,Female,19.109.117.222
200,Reeva,Zorzini,rzorzini5j@qq.com,Polygender,59.149.229.152
201,Svend,Fereday,,Male,29.208.55.201
202,,Truder,dtruder5l@altervista.org,Male,112.68.129.187
203,Earl,Bransden,ebransden5m@360.cn,Male,206.132.50.72
204,Aylmar,Gallop,agallop5n@nifty.com,Male,97.53.156.24
205,Alexandr,Jadczak,,Male,193.65.67.182
206,Lotte,Bisiker,lbisiker5p@salon.com,Female,
207,Gerianna,Kingswood,gkingswood5q@nih.gov,Female,42.197.34.246
208,Tim,Schiefersten,tschiefersten5r@sphinn.com,Male,194.121.206.78
209,Delbert,Spondley,dspondley5s@miibeian.gov.cn,Male,69.161.206.161
210,Alyosha,Reeday,areeday5t@tinypic.com,Male,210.124.15.213
211,Mauricio,Jeandillou,,Male,26.165.169.200
212,Joseph,Bastistini,,Male,
213,Janet,Pendleberry,jpendleberry5w@nifty.com,Female,230.83.249.85
214,Erskine,Veare,eveare5x@bbc.co.uk,Male,
215,Bianka,O'Currine,bocurrine5y@oracle.com,Female,115.77.18.90
216,Josias,Challen,jchallen5z@virginia.edu,Male,125.113.207.185
217,Cathyleen,D'Costa,cdcosta60@exblog.jp,Female,20.194.129.132
218,Bliss,Keyworth,bkeyworth61@chron.com,Female,116.134.13.239
219,Sara,Fevers,sfevers62@about.com,Female,175.219.74.9
220,Ilaire,Sweetzer,isweetzer63@cnbc.com,Male,224.74.112.146
221,Adelice,,abillion64@goo.gl,Female,130.180.28.19
222,Jud,Reucastle,jreucastle65@scribd.com,Male,81.162.174.64
223,Lorry,Dominico,ldominico66@mlb.com,Male,37.44.200.8
224,Emmaline,Dadd,,Female,62.34.185.117
225,Antoine,Tolworth,,Male,79.150.23.82
226,Margaret,Ledford,mledford69@cmu.edu,Female,
227,Stace,Gibbin,sgibbin6a@spotify.com,Female,24.78.157.143
228,Maxi,Rizzelli,mrizzelli6b@unicef.org,Female,101.204.172.239
229,Astrid,Fitchett,afitchett6c@umn.edu,Female,
230,Jorry,,jelse6d@reverbnation.com,Female,80.39.244.40
231,Jacquette,Swapp,jswapp6e@paypal.com,Female,152.220.50.253
232,Ofella,Hunnam,ohunnam6f@yolasite.com,Female,103.152.158.240
233,Freddie,Datte,fdatte6g@sina.com.cn,Female,197.16.193.202
234,Merell,Bew,mbew6h@tripod.com,Male,19.157.112.195
235,Jeanne,Boal,jboal6i@foxnews.com,Female,126.120.181.92
236,Krisha,Pattullo,kpattullo6j@wisc.edu,Male,132.205.209.158
237,Merle,Nealey,mnealey6k@yandex.ru,Male,117.96.150.131
238,Waylen,Klamman,wklamman6l@imageshack.us,Male,199.244.128.218
239,Grantley,Ilewicz,gilewicz6m@techcrunch.com,Male,6.219.4.95
240,Alia,Iiannone,aiiannone6n@wikia.com,Female,
241,Brion,Carbine,bcarbine6o@thetimes.co.uk,Male,162.41.56.21
242,Devonna,Bitcheno,dbitcheno6p@hc360.com,Female,105.107.28.126
243,Maxy,Carrivick,mcarrivick6q@imageshack.us,Male,
244,Carver,Jeyes,cjeyes6r@163.com,,
245,Cordy,Ekins,cekins6s@about.me,Male,194.186.91.178
246,Gussie,Beakes,gbeakes6t@cloudflare.com,Female,56.50.93.139
247,Aryn,Marlin,amarlin6u@about.me,Female,17.139.242.234
248,Hunt,Douberday,hdouberday6v@phoca.cz,Male,
249,Taffy,Babar,tbabar6w@live.com,Female,247.247.25.7
250,Boothe,Lisett,blisett6x@desdev.cn,Male,48.59.80.25
251,Rozalin,McGowran,rmcgowran6y@drupal.org,Female,27.186.80.69
252,Leesa,Frentz,lfrentz6z@nature.com,Non-binary,154.165.159.10
253,Shell,Rowland,srowland70@omniture.com,Male,86.237.25.109
254,Jodi,Earey,jearey71@arstechnica.com,Female,199.148.131.99
255,Jewelle,,,Female,96.187.192.180
256,Tracie,Abramof,tabramof73@paginegialle.it,Female,209.242.19.34
257,Melvin,Frankum,mfrankum74@unblog.fr,Male,96.189.79.32
258,Pete,Torbard,ptorbard75@webnode.com,Male,207.196.220.219
259,Antonina,Ewen,aewen76@uol.com.br,Female,
260,Dwain,Farnish,,Male,83.138.193.215
261,Hulda,Hawton,,Female,112.0.177.5
262,Kissie,Keetch,kkeetch79@theguardian.com,Female,69.126.96.135
263,Dru,Sirette,dsirette7a@craigslist.org,Male,144.241.30.145
264,Alvie,Grimmer,agrimmer7b@vimeo.com,Male,251.85.87.131
265,Zsa zsa,MacNamara,,Female,
266,Averil,,aeton7d@vkontakte.ru,Male,
267,Martguerita,Maddock,mmaddock7e@slate.com,Female,206.38.198.94
268,Marti,Weller,mweller7f@dailymotion.com,Female,
269,Violante,Truckell,vtruckell7g@dmoz.org,Female,56.91.23.190
270,Eugene,Stallan,estallan7h@dion.ne.jp,Male,113.147.25.30
271,Clive,Fyfe,cfyfe7i@booking.com,Male,240.77.211.9
272,Tania,Spendley,tspendley7j@reverbnation.com,Female,247.154.144.82
273,Ajay,Gringley,agringley7k@sourceforge.net,Female,202.15.249.99
274,Felicia,Rickman,frickman7l@bandcamp.com,Bigender,144.223.158.203
275,Stavros,O'Heffernan,soheffernan7m@stanford.edu,Male,200.22.115.189
276,Veronika,Rawcliffe,vrawcliffe7n@php.net,Female,118.204.43.124
277,Pinchas,Cordel,pcordel7o@creativecommons.org,Male,37.11.215.11
278,Karlis,Leband,kleband7p@twitpic.com,,212.12.125.89
279,Jorrie,Oakenfull,joakenfull7q@oracle.com,,238.123.222.216
280,Hildegarde,Loudiane,hloudiane7r@typepad.com,Female,188.223.211.66
281,Lesley,Lumbley,llumbley7s@disqus.com,Male,
282,Rheta,Osboldstone,rosboldstone7t@umn.edu,Female,91.185.255.46
283,,Fernandes,ffernandes7u@dyndns.org,Female,13.196.254.215
284,Natale,Lucien,nlucien7v@auda.org.au,Male,64.6.254.45
285,Cathie,Tozer,ctozer7w@shareasale.com,,67.209.118.183
286,Durant,Mecozzi,dmecozzi7x@washingtonpost.com,Male,193.80.147.205
287,Karina,Khomich,kkhomich7y@hud.gov,Female,121.62.199.111
288,Mathe,Paulus,mpaulus7z@histats.com,Male,140.246.47.209
289,Alberto,,arowlatt80@cnbc.com,Male,232.123.168.181
290,Aubrie,Bending,abending81@over-blog.com,Female,138.200.23.48
291,Charita,Humbert,chumbert82@wufoo.com,Female,52.56.239.191
292,Ferdy,Zorzin,fzorzin83@squidoo.com,Male,221.210.230.103
293,Ozzie,Gregr,,Male,244.44.192.196
294,Dorree,Skeemer,dskeemer85@ow.ly,Female,251.120.45.75
295,Raddy,Marunchak,rmarunchak86@aboutads.info,Male,51.10.132.217
296,Richmound,Chalcroft,rchalcroft87@simplemachines.org,Male,228.80.38.37
297,Ferd,Espinazo,fespinazo88@hostgator.com,Male,190.77.203.241
298,Peri,Cumes,pcumes89@nba.com,Female,240.172.85.148
299,Lanie,Asty,lasty8a@reverbnation.com,Female,255.130.163.55
300,Feodor,Moulton,fmoulton8b@bloglovin.com,Male,210.142.230.100
301,Konstance,Frank,kfrank8c@gmpg.org,Female,51.2.119.168
302,Marcelia,Corbishley,mcorbishley8d@google.com.br,Female,30.14.40.159
303,Averill,Kilbane,akilbane8e@unicef.org,Male,174.5.68.50
304,Irita,Orriss,iorriss8f@angelfire.com,Genderfluid,148.2.176.94
305,Ruddie,Mingame,rmingame8g@youku.com,Male,182.36.213.234
306,Fredra,Ledson,,Female,237.153.122.100
307,Dacia,Elles,delles8i@quantcast.com,Female,48.248.84.87
308,Banky,Plessing,bplessing8j@mayoclinic.com,Male,56.98.81.60
309,Coriss,Kainz,ckainz8k@ucla.edu,Female,83.115.2.51
310,,Cottey,bcottey8l@miibeian.gov.cn,Male,148.150.227.191
311,Guillermo,Fitch,,Male,39.47.68.94
312,Joli,Bolduc,jbolduc8n@ucsd.edu,,190.81.43.187
313,Xena,Besantie,xbesantie8o@google.cn,Bigender,5.201.101.30
314,Nikki,Blasio,,Male,34.247.27.233
315,Simonne,Govett,sgovett8q@loc.gov,Genderqueer,191.121.191.164
316,Pam,Spink,pspink8r@ameblo.jp,Female,211.112.188.49
317,Nadine,Curryer,ncurryer8s@mozilla.com,Female,231.11.64.192
318,Cortie,Beelby,cbeelby8t@clickbank.net,Male,87.172.83.188
319,Mildrid,Hockell,,Female,54.80.66.99
320,Galen,Milch,gmilch8v@nyu.edu,Male,151.138.178.234
321,Bernarr,Dudman,bdudman8w@dion.ne.jp,Male,
322,Modesta,Stair,,Genderfluid,148.46.208.229
323,Dimitri,Manford,dmanford8y@nymag.com,Male,
324,Tobin,Bryers,tbryers8z@comcast.net,Male,145.128.137.38
325,Clo,Arnecke,carnecke90@linkedin.com,Female,202.66.67.111
326,Javier,Morston,,Male,12.50.115.130
327,Juline,Driffield,,Female,141.27.225.33
328,Elfrieda,Killich,ekillich93@virginia.edu,Female,180.153.64.11
329,Pollyanna,Iacovini,piacovini94@photobucket.com,Female,
330,Georgetta,Mirfin,gmirfin95@imgur.com,Agender,
331,Arri,,,Male,123.52.190.136
332,Lamond,Dumbare,ldumbare97@noaa.gov,Male,94.101.124.15
333,Elie,Rout,erout98@indiatimes.com,Female,34.75.64.186
334,Duff,Pow,dpow99@histats.com,Male,147.177.172.55
335,Stinky,Smittoune,ssmittoune9a@census.gov,Male,253.75.145.151
336,Naomi,Kesteven,nkesteven9b@twitter.com,Female,143.181.189.83
337,Petronilla,Barens,pbarens9c@huffingtonpost.com,Female,131.52.123.109
338,Annnora,Kildahl,akildahl9d@vkontakte.ru,Female,44.9.165.235
339,Elvina,Luetkemeyers,eluetkemeyers9e@engadget.com,Female,161.243.214.59
340,Filmore,Terrell,,Bigender,92.105.211.121
341,Aryn,Hartrick,ahartrick9g@uiuc.edu,Bigender,212.151.255.212
342,Hogan,Davidesco,hdavidesco9h@kickstarter.com,Polygender,162.62.6.80
343,Gusta,,gjurczyk9i@twitpic.com,,
344,Victor,Grube,vgrube9j@imgur.com,Male,1.62.122.163
345,Aurelie,,abischop9k@quantcast.com,Female,55.110.20.36
346,Skip,Bohling,sbohling9l@unesco.org,Bigender,234.231.132.255
347,Kaleb,MacAdam,kmacadam9m@biblegateway.com,Male,
348,Domenic,Brakewell,dbrakewell9n@wired.com,Male,76.210.126.12
349,Odessa,Tiesman,otiesman9o@thetimes.co.uk,Female,57.224.98.46
350,Stephanus,Camois,,Male,158.85.122.218
351,Quinlan,Smeeth,qsmeeth9q@example.com,Male,103.153.44.240
352,Myranda,Knott,,Female,7.12.111.93
353,Amara,Hirth,ahirth9s@aol.com,Female,163.145.113.242
354,Harmonia,Haucke,hhaucke9t@intel.com,Female,168.188.129.122
355,Darill,Covendon,dcovendon9u@fda.gov,Male,50.207.154.100
356,Faustine,Barczewski,,Female,96.182.239.56
357,Wylie,Gunby,wgunby9w@indiatimes.com,Male,94.212.207.225
358,Sheridan,Lapthorne,slapthorne9x@columbia.edu,Male,77.23.32.144
359,Corri,Mulder,,,46.179.173.45
360,Brinn,Breeton,bbreeton9z@opensource.org,Female,121.152.85.223
361,Blondie,Gorler,bgorlera0@abc.net.au,Female,215.231.250.68
362,Roshelle,Haberjam,rhaberjama1@usnews.com,Female,112.134.225.113
363,Thoma,Lefeuvre,tlefeuvrea2@cnbc.com,Male,229.161.178.144
364,Dalston,Doveston,,Male,70.242.153.231
365,Tomaso,Bunclark,tbunclarka4@google.pl,Male,60.42.189.76
366,Eugenio,Coppens,ecoppensa5@amazon.de,Male,
367,Torey,Gopsill,tgopsilla6@wired.com,Female,140.162.150.34
368,Gabi,Hardinge,ghardingea7@gov.uk,Male,131.80.252.141
369,Nolly,Cocksedge,,Male,204.128.193.9
370,Gabriel,Paolo,gpaoloa9@cnet.com,Female,
371,Gwendolyn,Proven,gprovenaa@columbia.edu,Female,197.199.157.102
372,Rinaldo,Penhearow,rpenhearowab@typepad.com,Male,60.165.133.96
373,Hilly,Mendoza,hmendozaac@prlog.org,Male,204.240.148.109
374,Geneva,Streak,gstreakad@hud.gov,Female,235.174.174.6
375,Gwenora,Edgin,gedginae@tripod.com,Genderfluid,
376,Candida,Jerman,cjermanaf@jugem.jp,Female,172.119.32.235
377,Allister,Pady,apadyag@ning.com,Male,164.99.146.145
378,Layney,Derisley,lderisleyah@angelfire.com,,166.42.236.93
379,Augustin,Pocklington,apocklingtonai@twitpic.com,Male,230.151.120.242
380,Friedrick,Sommerton,fsommertonaj@cargocollective.com,Male,164.0.8.234
381,Henry,Dudny,hdudnyak@jiathis.com,Male,243.211.217.124
382,Anson,Pearce,apearceal@vk.com,Male,28.29.91.118
383,Cary,Eccleston,cecclestonam@stanford.edu,Male,219.223.154.54
384,Dill,,dsimeonean@rediff.com,Male,23.55.239.198
385,Deedee,Tumasian,,Female,76.243.172.62
386,Delores,,dbellhouseap@com.com,Female,83.6.204.13
387,Vanya,,,Female,119.195.76.103
388,Nathanil,Darbon,ndarbonar@joomla.org,Male,157.165.160.6
389,Heindrick,Weafer,hweaferas@msu.edu,Agender,8.127.195.191
390,Fernandina,D'Alwis,fdalwisat@wikia.com,Female,204.33.105.50
391,Ferdy,Kyberd,fkyberdau@ucsd.edu,Male,6.16.193.131
392,Binny,Bows,bbowsav@gravatar.com,Female,85.37.220.99
393,Ariella,Calvert,acalvertaw@dot.gov,Female,108.42.91.101
394,,Antonacci,,Male,161.255.240.8
395,Becka,Sedgmond,bsedgmonday@nhs.uk,Female,
396,Kriste,Stienham,kstienhamaz@nhs.uk,Female,236.203.136.153
397,Dania,Brogden,dbrogdenb0@ftc.gov,Female,102.126.174.46
398,Gianni,Dorning,gdorningb1@gmpg.org,Male,77.159.243.19
399,Armando,Evason,aevasonb2@blogger.com,Male,233.236.159.170
400,Charley,Blunderfield,cblunderfieldb3@google.com.br,Male,254.5.224.37
401,Finlay,Gye,fgyeb4@thetimes.co.uk,Male,
402,Pepi,Scala,pscalab5@senate.gov,Female,74.61.228.118
403,Jamison,Brellin,jbrellinb6@loc.gov,Male,227.164.14.239
404,Caro,Shand,cshandb7@blogs.com,Female,91.169.53.24
405,Averill,Rawe,araweb8@berkeley.edu,Genderfluid,152.70.140.1
406,Paquito,Bebbell,pbebbellb9@flavors.me,,230.90.198.153
407,Johnathon,Halford,jhalfordba@illinois.edu,Polygender,2.71.31.136
408,Amandy,Lowden,alowdenbb@imdb.com,Female,5.248.128.112
409,Sigmund,McCleary,smcclearybc@sbwire.com,Male,224.108.133.217
410,Ignaz,Claiton,iclaitonbd@sfgate.com,Male,104.139.110.96
411,Ardella,Lockhart,alockhartbe@instagram.com,Female,177.126.51.126
412,Bryn,Coady,bcoadybf@friendfeed.com,Male,78.195.98.104
413,Edan,Spenton,espentonbg@yandex.ru,,161.211.131.235
414,Elinor,Reggiani,ereggianibh@imgur.com,Female,208.187.164.9
415,Wallis,Balderston,wbalderstonbi@apache.org,Male,65.127.26.224
416,Brook,Montel,bmontelbj@blogspot.com,Female,39.253.153.105
417,Westleigh,Lemerle,,Male,
418,Cheryl,Fittes,cfittesbl@ted.com,Female,65.148.172.27
419,Godfree,Abby,gabbybm@topsy.com,Male,70.68.2.161
420,Harwell,Takkos,htakkosbn@boston.com,Male,52.130.66.30
421,Violante,Mostyn,vmostynbo@bbb.org,Female,47.215.156.167
422,Geoffrey,Johnsey,gjohnseybp@bloglines.com,Male,169.225.194.255
423,Blakeley,Shallo,bshallobq@msu.edu,Female,49.108.195.101
424,Ludvig,Carlsen,lcarlsenbr@newyorker.com,,96.100.112.22
425,Claudio,Farady,cfaradybs@bravesites.com,Male,0.145.43.176
426,Neill,Peach,npeachbt@vinaora.com,Genderfluid,130.112.117.42
427,Nevil,Booker,nbookerbu@wikia.com,Male,247.240.63.242
428,Maryjane,Waymont,mwaymontbv@usnews.com,Female,186.35.206.111
429,Sophia,Lamberth,slamberthbw@epa.gov,Genderfluid,113.71.77.248
430,Sophia,Jarrard,sjarrardbx@house.gov,Genderqueer,61.50.150.164
431,Demetria,De Haven,ddehavenby@nih.gov,Female,30.145.194.239
432,Toma,Redwood,tredwoodbz@live.com,Female,232.19.251.186
433,Brandy,Jenne,bjennec0@bloomberg.com,Male,32.228.130.60
434,Shane,Culleton,sculletonc1@tuttocitta.it,Female,64.86.130.97
435,Nada,Sare,,Female,87.250.157.224
436,Buckie,Newtown,bnewtownc3@mashable.com,Male,225.83.91.246
437,Pyotr,De Witt,pdewittc4@mashable.com,Male,60.142.213.30
438,Margarette,Fust,mfustc5@hao123.com,Female,57.101.120.249
439,Bonnie,Bleier,bbleierc6@ezinearticles.com,Female,23.133.141.224
440,Brose,Terlinden,bterlindenc7@goodreads.com,Male,
441,Jason,Giacomo,,Male,254.187.105.222
442,Hayden,Lawrance,hlawrancec9@upenn.edu,Male,253.248.172.43
443,Corella,Gullen,cgullenca@cpanel.net,Non-binary,50.137.91.33
444,Felicity,,fgilkescb@oaic.gov.au,Female,167.76.112.98
445,Dulcinea,Iorillo,diorillocc@narod.ru,Female,156.164.158.209
446,Gerri,Stayt,gstaytcd@cdbaby.com,Genderfluid,74.11.175.217
447,Aurthur,Linggard,alinggardce@slideshare.net,Male,45.10.91.81
448,Tucky,Clowton,tclowtoncf@arizona.edu,Male,238.104.157.73
449,Gary,Dzeniskevich,gdzeniskevichcg@washingtonpost.com,Male,222.82.123.232
450,Michele,Gatecliffe,mgatecliffech@businessweek.com,Male,221.25.245.59
451,Henrik,Spurier,hspurierci@paypal.com,Male,220.125.23.84
452,Christoffer,Lieb,cliebcj@meetup.com,Male,94.4.117.146
453,Bree,Henstridge,bhenstridgeck@ca.gov,Polygender,110.18.54.151
454,Morrie,Broome,mbroomecl@biglobe.ne.jp,Genderqueer,133.163.157.204
455,Barnaby,Yurov,byurovcm@utexas.edu,Male,60.135.11.147
456,Aarika,Edgcombe,aedgcombecn@nba.com,Female,204.124.207.13
457,Oliviero,,onewberryco@usatoday.com,Polygender,73.67.169.136
458,Orran,Yankov,oyankovcp@ustream.tv,Male,
459,Virgilio,Milberry,vmilberrycq@e-recht24.de,Male,45.17.69.36
460,Dennison,Flawith,dflawithcr@umn.edu,Male,
461,Reinwald,Cavanaugh,rcavanaughcs@ft.com,Male,142.220.127.216
462,Kerrin,Jarrard,kjarrardct@telegraph.co.uk,Female,218.93.236.57
463,Miran,MacCafferky,mmaccafferkycu@ask.com,Female,123.250.180.99
464,Suzette,Havis,shaviscv@purevolume.com,Female,194.189.190.134
465,Elliott,Embra,eembracw@toplist.cz,Male,54.244.135.80
466,Gilberto,Bergstram,gbergstramcx@unc.edu,Male,69.228.101.199
467,Wendye,Hastings,whastingscy@ucoz.com,Female,110.116.154.157
468,Edouard,Byford,ebyfordcz@tamu.edu,Genderqueer,228.57.194.46
469,Reena,Houndsom,,Female,234.171.116.53
470,Bartholomew,Borrett,bborrettd1@wordpress.com,Male,33.20.142.113
471,Felicio,Corbould,fcorbouldd2@fc2.com,Male,
472,Chrysa,Janic,cjanicd3@patch.com,,41.187.185.149
473,Ram,Sitch,rsitchd4@yahoo.com,Male,237.163.161.132
474,Frieda,Holton,fholtond5@joomla.org,Female,38.184.163.252
475,Charmian,Meth,cmethd6@indiatimes.com,Female,31.144.245.40
476,Andre,Filippazzo,afilippazzod7@1und1.de,Male,237.199.174.18
477,Gertruda,Willshere,gwillshered8@fastcompany.com,Female,78.167.155.17
478,Mohandas,Ellwood,mellwoodd9@tumblr.com,Male,157.199.217.67
479,Rozina,Craufurd,rcraufurdda@nyu.edu,Female,90.1.57.208
480,Donielle,Cattel,dcatteldb@hubpages.com,Female,104.127.79.152
481,Kelsy,Piele,kpieledc@nationalgeographic.com,Female,205.113.49.149
482,Claudell,Shefton,csheftondd@ca.gov,Male,234.106.183.65
483,Ephraim,Hanssmann,ehanssmannde@hao123.com,Male,23.62.35.235
484,Eloise,Pordal,epordaldf@bizjournals.com,Female,
485,Caitlin,Bankes,cbankesdg@multiply.com,Female,92.16.147.149
486,Kristofer,Winwright,kwinwrightdh@irs.gov,Male,155.202.207.72
487,Valaree,Marzello,vmarzellodi@virginia.edu,Female,170.95.128.135
488,Ringo,Stellin,rstellindj@bigcartel.com,Male,233.222.249.103
489,Marina,Itzhayek,mitzhayekdk@tumblr.com,Agender,110.75.37.190
490,Claybourne,Exley,cexleydl@soup.io,Male,36.168.167.49
491,Heywood,Turbitt,hturbittdm@illinois.edu,Male,145.122.52.127
492,Dallas,Purselow,,Female,64.183.82.138
493,Moll,Shoemark,mshoemarkdo@tuttocitta.it,Female,7.35.218.215
494,Raine,Veltman,rveltmandp@hugedomains.com,Female,
495,Missie,Radin,mradindq@hibu.com,Female,16.144.207.200
496,Bradly,Tott,btottdr@mayoclinic.com,Male,40.96.139.36
497,Meagan,Sprigin,mspriginds@dot.gov,Female,58.93.178.102
498,Rozele,McCready,rmccreadydt@networksolutions.com,Genderfluid,242.107.15.79
499,Auguste,Telling,atellingdu@wufoo.com,Female,
500,Erwin,Brimner,ebrimnerdv@google.fr,Male,20.86.44.16
501,Valle,Hadenton,vhadentondw@oaic.gov.au,Male,126.183.239.9
502,Eldridge,Opfer,eopferdx@admin.ch,Male,90.85.217.3
503,Kalinda,Betjes,kbetjesdy@rambler.ru,Female,158.61.180.104
504,Leonard,Harms,lharmsdz@answers.com,Male,222.46.128.1
505,Reta,Tuttiett,,Polygender,233.192.238.241
506,Holmes,Avard,,Male,121.95.37.130
507,Boothe,Dunk,bdunke2@webmd.com,Male,131.186.170.142
508,Keefe,Straneo,kstraneoe3@istockphoto.com,Male,53.49.119.178
509,Ginnifer,Shervington,,Female,141.203.162.246
510,,,ekibbye5@house.gov,,30.183.82.104
511,Gothart,Coger,gcogere6@storify.com,Genderfluid,145.49.232.146
512,Hephzibah,Ewens,hewense7@indiatimes.com,Female,206.237.174.45
513,Filmer,Darkott,fdarkotte8@qq.com,Male,29.242.151.64
514,Lethia,Gayforth,lgayforthe9@alibaba.com,Female,105.20.180.40
515,Artair,Priddis,apriddisea@yellowbook.com,Male,141.129.212.101
516,,Petow,dpetoweb@behance.net,Male,64.151.116.171
517,Hank,Binch,hbinchec@sogou.com,Male,157.215.123.241
518,Sloan,Cordery,scorderyed@gov.uk,Male,39.203.88.54
519,Griff,Loghan,gloghanee@gmpg.org,,159.134.91.107
520,Rolf,Pechard,rpechardef@de.vu,Male,33.189.211.49
521,Carma,,cpitfordeg@businesswire.com,,132.11.49.54
522,Wanids,Goodinge,wgoodingeeh@mtv.com,Bigender,246.120.243.43
523,Becca,Drinkall,bdrinkallei@360.cn,Female,99.10.10.208
524,,Van Vuuren,bvanvuurenej@patch.com,Female,249.162.132.71
525,Dulcia,Fee,dfeeek@so-net.ne.jp,Female,22.106.160.143
526,Marj,Hartup,mhartupel@e-recht24.de,Female,14.179.155.223
527,Dick,Bougen,dbougenem@craigslist.org,,204.254.244.165
528,Neall,Martell,nmartellen@oakley.com,Male,225.96.151.237
529,Honey,Messenbird,hmessenbirdeo@guardian.co.uk,Female,185.103.185.159
530,Hillery,Breeze,hbreezeep@jimdo.com,Polygender,
531,Lizabeth,MacGorrie,lmacgorrieeq@list-manage.com,Female,21.111.108.240
532,Benyamin,McClelland,bmcclellander@geocities.com,Male,
533,Hilda,Dewsnap,hdewsnapes@arstechnica.com,Female,187.189.22.208
534,Benita,Oliffe,boliffeet@cafepress.com,Female,141.233.222.244
535,Almeda,Bellchamber,abellchambereu@cloudflare.com,Female,56.31.255.190
536,Donovan,Dongate,ddongateev@bluehost.com,Male,229.233.65.196
537,Marietta,Killeen,mkilleenew@goodreads.com,Male,
538,Dolley,Beaton,dbeatonex@aboutads.info,Female,55.5.16.111
539,Mortie,Monier,mmonierey@oracle.com,Male,242.204.68.167
540,Portie,Braffington,pbraffingtonez@jalbum.net,Male,
541,Petronille,Mamwell,pmamwellf0@noaa.gov,Female,14.231.29.85
542,Gwenette,Botha,gbothaf1@spotify.com,Female,226.147.188.213
543,Ashbey,Tilte,,Male,79.33.179.41
544,Leonard,Laherty,llahertyf3@reuters.com,Male,
545,Annecorinne,Capner,,,251.236.168.134
546,Darrell,Dunckley,ddunckleyf5@mapy.cz,Male,
547,Chaddie,Emm,cemmf6@imgur.com,Male,11.157.65.47
548,Colline,Abrahamson,cabrahamsonf7@fotki.com,Female,3.181.72.238
549,Spencer,Measey,smeaseyf8@yahoo.com,,223.252.133.202
550,Chance,O'Sharkey,cosharkeyf9@hostgator.com,Male,255.225.123.6
551,Kasper,Bramham,kbramhamfa@tinypic.com,Male,209.101.86.62
552,Casey,Cosbey,ccosbeyfb@lulu.com,Female,126.73.39.224
553,Evanne,Hawthorne,ehawthornefc@themeforest.net,Female,
554,Jeffry,Jensen,jjensenfd@ted.com,Male,141.158.241.132
555,Lionello,Bearblock,lbearblockfe@timesonline.co.uk,Male,239.226.176.104
556,Elaina,Shernock,eshernockff@redcross.org,Female,20.202.159.52
557,Cooper,Linne,clinnefg@people.com.cn,Male,
558,Gusty,Lethbrig,glethbrigfh@japanpost.jp,Female,104.209.5.34
559,Emeline,Petti,epettifi@smugmug.com,Female,70.95.206.90
560,Gerry,Aiton,,Female,224.37.238.108
561,Cari,Grabham,cgrabhamfk@timesonline.co.uk,Female,224.141.67.21
562,Phedra,Kless,pklessfl@vinaora.com,Female,225.147.176.116
563,Terrill,Bringloe,tbringloefm@ustream.tv,Male,10.89.217.133
564,Aindrea,Rosenwasser,arosenwasserfn@amazon.co.uk,Female,151.56.89.237
565,Algernon,Draxford,adraxfordfo@hp.com,Male,48.186.194.65
566,Nyssa,Harlock,,Female,77.199.79.20
567,Bunni,Gopsill,,,234.168.139.27
568,Poppy,Schwant,pschwantfr@goodreads.com,Female,1.205.196.62
569,Bernadine,Ebbs,bebbsfs@arstechnica.com,Bigender,78.243.56.140
570,Tiffany,Winder,twinderft@pen.io,Female,0.139.25.92
571,Fin,Bresner,fbresnerfu@photobucket.com,Male,174.223.81.156
572,Ezra,Dongall,edongallfv@google.cn,Male,133.124.248.181
573,,Carpenter,acarpenterfw@twitpic.com,Male,151.41.0.211
574,Barb,Petran,bpetranfx@loc.gov,Female,235.17.243.154
575,Louis,Enriques,lenriquesfy@canalblog.com,Male,241.158.103.215
576,Filia,Towell,ftowellfz@mysql.com,Female,232.84.122.121
577,Tedda,Grishunin,tgrishuning0@fotki.com,Genderfluid,58.81.121.193
578,Price,Sedworth,psedworthg1@webmd.com,Male,
579,Benedetta,Juppe,bjuppeg2@booking.com,Female,45.90.89.82
580,Theo,Kenny,tkennyg3@networksolutions.com,Female,77.100.43.233
581,Bearnard,Nelsey,bnelseyg4@google.com.hk,Male,230.75.168.49
582,Elonore,Marcinkowski,emarcinkowskig5@pcworld.com,Genderfluid,74.96.138.195
583,Emmalyn,Janny,ejannyg6@gizmodo.com,Female,66.226.129.191
584,Clayborn,Bartlomiej,cbartlomiejg7@senate.gov,Male,113.189.240.94
585,Louisette,Slayford,lslayfordg8@csmonitor.com,Female,245.99.48.86
586,Boyce,McGinlay,bmcginlayg9@topsy.com,Male,238.75.73.71
587,Jimmie,Limming,jlimmingga@indiegogo.com,Male,36.106.227.171
588,Wake,Milliere,wmillieregb@nifty.com,Male,112.162.0.220
589,Alan,Behling,abehlinggc@ameblo.jp,Male,191.54.55.108
590,Derrik,Shurville,dshurvillegd@sphinn.com,Male,150.159.55.226
591,Walliw,Duquesnay,wduquesnayge@cocolog-nifty.com,Female,
592,Glory,Mottershead,gmottersheadgf@de.vu,Female,61.194.129.114
593,Talya,Peddel,tpeddelgg@163.com,Bigender,81.160.51.182
594,,,dlinekergh@plala.or.jp,Female,241.97.152.204
595,Donella,Coen,dcoengi@wix.com,,247.59.172.168
596,Kerri,Skelton,,Female,179.54.82.126
597,Olivia,,odobrowskigk@meetup.com,Female,
598,Darryl,Empleton,dempletongl@google.ru,Male,29.244.147.105
599,Claresta,Wyd,cwydgm@google.co.uk,Female,19.98.182.21
600,Dean,Bullent,dbullentgn@paginegialle.it,Agender,190.7.24.169
601,Stephan,MacGilpatrick,smacgilpatrickgo@github.com,Male,
602,Stevy,Giordano,sgiordanogp@google.cn,Male,146.241.183.144
603,Alexina,Kitson,,Female,
604,Xylina,Gwilliams,xgwilliamsgr@soundcloud.com,Female,24.243.64.130
605,Rafe,Pheasey,rpheaseygs@techcrunch.com,Male,0.36.214.155
606,,Tourot,ttourotgt@nature.com,Male,196.37.191.141
607,Giacobo,Gierck,ggierckgu@newsvine.com,Male,29.27.235.61
608,Betteann,Fere,bferegv@reverbnation.com,,200.226.182.79
609,Ferrel,Ambage,fambagegw@washingtonpost.com,Male,138.4.230.133
610,Tammara,Jarrett,tjarrettgx@friendfeed.com,Female,2.159.200.41
611,Mikkel,Loch,mlochgy@parallels.com,Male,22.209.152.3
612,Elliott,Gahagan,egahagangz@go.com,,153.115.249.166
613,Thorstein,Hemmingway,themmingwayh0@nhs.uk,Male,187.189.57.77
614,Emmie,,ehaslewoodh1@topsy.com,Female,
615,Angelika,Chilcott,achilcotth2@fema.gov,Female,216.95.26.124
616,Kaspar,Mc Ilory,kmciloryh3@engadget.com,Male,
617,Whit,Roset,wroseth4@patch.com,Male,236.155.251.20
618,Dougy,Milella,dmilellah5@typepad.com,Male,119.85.108.125
619,Jedd,Hadden,jhaddenh6@skype.com,,
620,Budd,Lasselle,blasselleh7@dyndns.org,Male,188.133.201.60
621,Marion,McKeller,mmckellerh8@dedecms.com,,34.127.44.146
622,Denver,Laxston,dlaxstonh9@mit.edu,Male,49.240.114.47
623,Andonis,Duinbleton,aduinbletonha@howstuffworks.com,,99.154.73.61
624,,Houlden,mhouldenhb@ovh.net,Male,254.166.101.105
625,Wheeler,Jerome,,Male,123.204.18.214
626,Penny,Pullar,ppullarhd@google.ru,Female,95.33.180.107
627,Skipton,Ulrik,sulrikhe@myspace.com,Male,14.79.228.242
628,Dory,Payle,dpaylehf@google.cn,Female,5.206.72.223
629,Rafaello,Bankhurst,rbankhursthg@pinterest.com,,198.141.164.234
630,Pierrette,Wilcocke,pwilcockehh@tinyurl.com,,179.69.123.105
631,Alvin,Simenon,asimenonhi@home.pl,Male,230.187.0.138
632,Curry,Foxworthy,cfoxworthyhj@cnet.com,Male,
633,Honoria,Orviss,horvisshk@mtv.com,Female,157.12.10.216
634,Woodrow,Carp,wcarphl@diigo.com,Male,
635,Merry,Simonot,msimonothm@cbslocal.com,,246.100.194.194
636,Maurine,White,mwhitehn@livejournal.com,Female,162.89.244.182
637,Kaspar,Dislee,kdisleeho@timesonline.co.uk,Male,114.242.14.116
638,Mylo,Alvarado,malvaradohp@samsung.com,Male,13.238.255.239
639,Thorstein,Conyers,tconyershq@yahoo.co.jp,Male,185.182.200.113
640,Tasia,Lafflin,tlafflinhr@flavors.me,Female,229.69.81.27
641,,McAlpine,nmcalpinehs@wufoo.com,Male,78.22.61.246
642,Renado,Martijn,rmartijnht@bloglines.com,Male,
643,Winne,Ayris,wayrishu@over-blog.com,Female,120.138.77.88
644,Ludwig,Sharpless,lsharplesshv@seattletimes.com,Male,216.97.0.243
645,Tedd,Mellows,tmellowshw@hatena.ne.jp,Male,114.77.205.74
646,Orelle,Mease,omeasehx@dot.gov,,46.149.107.205
647,Karylin,Foulser,kfoulserhy@pcworld.com,Female,47.255.38.234
648,,,,Female,214.71.46.5
649,Guinevere,Moret,gmoreti0@irs.gov,Female,149.216.164.249
650,Jacquenetta,Scotchford,jscotchfordi1@scribd.com,Female,151.42.145.142
651,Mommy,Lambdin,mlambdini2@yahoo.co.jp,Female,74.185.181.19
652,Roxanna,Schuricht,rschurichti3@google.cn,Female,98.208.149.163
653,Worden,Grinyakin,wgrinyakini4@opensource.org,Male,180.97.201.99
654,Vicky,Millier,vmillieri5@elpais.com,Female,77.203.118.184
655,Allis,Moodycliffe,amoodycliffei6@goo.ne.jp,Female,18.174.247.28
656,Wittie,Garnsworthy,wgarnsworthyi7@ca.gov,Male,
657,Gael,Losty,glostyi8@shop-pro.jp,Male,117.92.228.5
658,Saundra,Dinneges,sdinnegesi9@fda.gov,Male,105.211.181.225
659,Josepha,Kennedy,,Female,102.142.186.204
660,Kurt,Pedrocchi,kpedrocchiib@cafepress.com,Polygender,36.213.126.76
661,Delmor,Vannikov,dvannikovic@webmd.com,Male,143.193.210.66
662,Virgie,Dartnall,vdartnallid@pagesperso-orange.fr,Male,243.26.140.251
663,,,wtwamleyie@google.co.uk,Female,137.231.195.45
664,,Mumford,rmumfordif@nifty.com,,145.235.153.138
665,Daloris,Coom,dcoomig@vistaprint.com,Female,216.0.220.139
666,Florenza,Kitcatt,fkitcattih@eepurl.com,Female,209.252.4.135
667,Paula,Isaksen,pisaksenii@oaic.gov.au,Female,36.82.151.232
668,Francklin,Menci,fmenciij@w3.org,Male,202.189.249.1
669,Saraann,Labbey,slabbeyik@ed.gov,Female,
670,Ericha,Mountfort,emountfortil@addtoany.com,Female,73.145.51.242
671,Price,Garrood,pgarroodim@twitter.com,Non-binary,123.50.83.165
672,Natasha,Althorp,nalthorpin@wikia.com,Female,23.87.229.155
673,Annabella,Phinn,aphinnio@livejournal.com,Female,25.165.21.15
674,Abigail,Jacobsen,ajacobsenip@nsw.gov.au,Female,100.182.195.169
675,Duncan,,dyarntoniq@ezinearticles.com,Male,129.198.50.73
676,Sher,Pugh,spughir@shop-pro.jp,Female,137.40.112.202
677,Jacinda,Lickess,jlickessis@digg.com,Female,49.230.241.69
678,Juliette,Moth,jmothit@bbc.co.uk,,193.251.215.72
679,Skipper,Urien,surieniu@bbb.org,Bigender,97.123.189.118
680,Lottie,Taylour,ltaylouriv@gov.uk,Female,147.64.214.244
681,Gunner,Raw,grawiw@samsung.com,Male,224.175.183.246
682,Caprice,Robet,crobetix@ezinearticles.com,Female,
683,,Fairholme,mfairholmeiy@amazon.co.jp,Female,126.151.202.86
684,Dawna,Jeune,djeuneiz@unesco.org,Bigender,224.8.35.125
685,Junie,Dondon,jdondonj0@wufoo.com,Female,
686,Orelie,McGarel,omcgarelj1@independent.co.uk,Female,
687,Adolphus,Bartolijn,abartolijnj2@sakura.ne.jp,Genderfluid,
688,Ariela,Slocum,aslocumj3@dailymail.co.uk,Female,
689,Annemarie,Farmery,afarmeryj4@myspace.com,Female,1.250.43.252
690,Jerrie,Kinzel,jkinzelj5@weebly.com,Male,
691,Jamal,Hartin,jhartinj6@rediff.com,Male,
692,Arluene,Fasson,,Female,134.97.186.213
693,Arvie,MacCartair,amaccartairj8@cornell.edu,Male,68.179.247.27
694,Zacherie,Cansfield,zcansfieldj9@lulu.com,Male,90.60.183.194
695,Selestina,Dexter,sdexterja@symantec.com,Female,97.187.69.54
696,Doralia,Phillps,dphillpsjb@engadget.com,,119.17.106.153
697,Debbi,Melpuss,dmelpussjc@patch.com,Female,97.8.115.19
698,Helen-elizabeth,Rock,hrockjd@cam.ac.uk,Female,201.103.184.126
699,Fran,Cumbridge,,Female,240.205.65.237
700,Zeb,De Lisle,zdelislejf@netscape.com,Male,145.199.46.32
701,Elle,Lissimore,elissimorejg@vimeo.com,Female,236.255.214.154
702,Maisey,Lias,mliasjh@facebook.com,Female,78.251.82.207
703,Ware,Dymick,wdymickji@netvibes.com,Male,11.133.17.45
704,Regina,Shepheard,rshepheardjj@berkeley.edu,,169.109.133.163
705,Elwyn,Hampe,ehampejk@yahoo.com,Male,225.135.32.40
706,Carmon,Kobel,ckobeljl@dion.ne.jp,Female,96.38.119.83
707,Bryna,Nabbs,bnabbsjm@phpbb.com,Female,73.18.252.92
708,Lula,Lowson,,Genderqueer,138.63.124.211
709,Linzy,Miell,lmielljo@hugedomains.com,Non-binary,
710,Devan,Edrich,dedrichjp@java.com,Female,165.5.121.229
711,Hildagarde,Culp,hculpjq@washingtonpost.com,Female,8.175.162.98
712,Hilliard,Vurley,hvurleyjr@cbslocal.com,Agender,155.114.213.62
713,,Sreenan,hsreenanjs@nytimes.com,Female,250.154.201.11
714,Bradley,O'Rafferty,boraffertyjt@virginia.edu,,46.85.121.213
715,Misti,Thew,mthewju@dmoz.org,Female,109.43.198.112
716,Abran,Dutson,adutsonjv@cnn.com,Male,7.33.116.153
717,Rooney,Jeger,rjegerjw@usatoday.com,,
718,Ibby,Pallin,ipallinjx@cdbaby.com,Female,220.231.173.2
719,Avictor,Skellon,askellonjy@ed.gov,Male,5.233.11.97
720,Normie,Parratt,nparrattjz@dell.com,Male,98.105.111.141
721,Thorny,Pietri,tpietrik0@gravatar.com,Male,188.173.255.167
722,Alick,Fairfull,afairfullk1@edublogs.org,Male,163.238.185.94
723,Jimmy,Pattingson,jpattingsonk2@amazon.co.uk,Genderfluid,88.160.151.23
724,Silvio,Kimmerling,skimmerlingk3@usa.gov,Male,67.224.166.81
725,Gillian,de Clerc,gdeclerck4@fastcompany.com,Female,128.241.218.133
726,Mikey,,mjacksonk5@multiply.com,Male,169.134.68.201
727,Cynthie,Surby,csurbyk6@shop-pro.jp,Female,76.100.218.232
728,Joete,Jagoe,jjagoek7@businesswire.com,Female,232.237.233.166
729,Fraser,Dyke,fdykek8@umn.edu,Male,142.227.170.6
730,Susette,Pervoe,spervoek9@desdev.cn,Female,51.151.217.186
731,Hasheem,Windibank,hwindibankka@nps.gov,Male,108.250.110.227
732,Beck,Gurry,bgurrykb@baidu.com,,133.124.220.66
733,Nedi,Scotford,nscotfordkc@time.com,Female,31.56.215.245
734,Cymbre,Comusso,ccomussokd@nature.com,Female,219.25.30.181
735,Kennith,Bynert,kbynertke@nsw.gov.au,Male,152.56.185.217
736,,,espreckleykf@scribd.com,Male,26.113.137.169
737,Konstanze,Clarabut,kclarabutkg@google.com,Female,40.68.107.119
738,Jarrid,,,Male,125.74.29.165
739,Benjie,Proback,bprobackki@list-manage.com,Male,2.15.88.58
740,Hedwig,Vanderplas,hvanderplaskj@gravatar.com,Female,12.238.200.58
741,Umberto,Tappor,utapporkk@xrea.com,Male,
742,Betty,McAughtry,,Female,78.17.164.166
743,Lyndel,Fotitt,lfotittkm@51.la,Genderfluid,152.197.60.123
744,Ardenia,Plume,aplumekn@canalblog.com,Female,145.105.196.84
745,Caralie,Gregor,cgregorko@aol.com,Female,70.8.38.173
746,Laryssa,Alexandre,lalexandrekp@amazon.co.jp,Female,97.225.93.134
747,Pace,Jozefczak,pjozefczakkq@google.com,,139.117.123.172
748,Beverly,Zanelli,bzanellikr@bluehost.com,Female,200.114.61.198
749,Byrann,Czaja,bczajaks@pbs.org,Male,193.101.153.68
750,Yurik,O'Calleran,yocallerankt@state.tx.us,Male,
751,Selina,Foottit,sfoottitku@phoca.cz,Female,180.210.168.100
752,Kristoforo,Perkis,kperkiskv@cornell.edu,Male,138.249.201.10
753,Vina,Densham,vdenshamkw@squidoo.com,Genderfluid,
754,Hewett,Tongs,htongskx@sakura.ne.jp,Male,235.1.9.83
755,Joachim,Duny,jdunyky@auda.org.au,Male,63.50.46.115
756,Renate,Sympson,rsympsonkz@oracle.com,Female,72.155.216.63
757,Ariel,Evison,aevisonl0@vinaora.com,Male,0.63.90.142
758,Annora,Spurdens,aspurdensl1@baidu.com,Female,
759,Sayer,Rouchy,srouchyl2@t-online.de,Male,88.184.42.245
760,Roxana,O'Lennachain,rolennachainl3@businessweek.com,Female,29.224.124.84
761,Jonie,Petrasek,jpetrasekl4@bbc.co.uk,Female,201.247.29.237
762,Benedetta,Orrice,,Female,205.96.192.59
763,Byrom,Fillan,bfillanl6@linkedin.com,Polygender,34.48.157.42
764,Colin,Stelfox,cstelfoxl7@usda.gov,Male,189.26.244.50
765,Nap,Coulton,ncoultonl8@mashable.com,Male,17.63.83.166
766,Jimmie,Klaas,jklaasl9@youku.com,Male,61.11.125.18
767,Wesley,Cavell,wcavellla@artisteer.com,Agender,135.14.135.242
768,Marin,Skeats,mskeatslb@unc.edu,Female,95.141.252.96
769,,Patching,cpatchinglc@pcworld.com,Male,29.188.92.134
770,Flore,Mettericke,fmetterickeld@paginegialle.it,Female,
771,Miltie,Paute,mpautele@who.int,Male,
772,Amelie,O'Sharkey,aosharkeylf@smh.com.au,Female,61.190.70.235
773,Briggs,Yakubovics,byakubovicslg@businesswire.com,Male,
774,Vail,Burehill,vburehilllh@vk.com,Male,49.203.172.173
775,Galvan,Dowbekin,gdowbekinli@lycos.com,Male,204.25.29.81
776,Law,Piddock,lpiddocklj@about.me,Male,124.197.121.43
777,Dennie,Abyss,dabysslk@amazonaws.com,Male,95.254.245.173
778,Suellen,Hachard,shachardll@va.gov,Agender,
779,Karim,McCarlich,kmccarlichlm@twitter.com,Male,13.59.125.196
780,Ross,Gourley,rgourleyln@domainmarket.com,Male,51.154.129.31
781,Mitchell,Bianco,mbiancolo@dyndns.org,Male,36.29.243.185
782,Kimble,Wynne,kwynnelp@typepad.com,Male,205.216.131.73
783,Gearard,Pudan,,Male,107.9.110.43
784,Udell,Ollett,uollettlr@hugedomains.com,Male,105.168.246.231
785,Reynard,Esp,respls@apache.org,Male,29.62.197.85
786,Winonah,Davidi,wdavidilt@businessinsider.com,,29.71.207.58
787,Scarlett,Degoix,,Female,61.110.112.204
788,Llywellyn,Piccop,lpiccoplv@webeden.co.uk,,
789,Fannie,MacTerrelly,fmacterrellylw@unesco.org,Female,
790,Aldis,Mabbott,,Male,106.224.166.181
791,Francois,,fdossetterly@phoca.cz,Male,187.97.100.153
792,Deb,Benettolo,,Bigender,126.88.75.55
793,Cirstoforo,Spykins,cspykinsm0@discovery.com,Male,27.0.194.53
794,Radcliffe,Snarr,,,58.147.125.229
795,Jock,Storry,jstorrym2@theglobeandmail.com,Male,30.46.112.71
796,Nevsa,Poxton,npoxtonm3@storify.com,Female,169.144.78.99
797,Dilan,Clamp,dclampm4@paginegialle.it,Male,43.216.70.132
798,Dorisa,Worshall,dworshallm5@shutterfly.com,Female,
799,Noah,Belshaw,nbelshawm6@slate.com,Male,193.84.145.61
800,Trevor,Pinck,tpinckm7@google.ca,,109.248.51.220
801,,Krzyzanowski,pkrzyzanowskim8@symantec.com,Female,136.214.224.11
802,Gladys,Duffan,,Female,53.123.99.67
803,Carlie,Jamot,cjamotma@seesaa.net,Male,103.198.113.179
804,Cammie,Road,croadmb@blogger.com,Female,123.107.63.252
805,Beth,Rayner,braynermc@dagondesign.com,,66.162.87.28
806,Art,,agillingmd@virginia.edu,Male,148.27.20.242
807,Hewe,Stansall,hstansallme@symantec.com,Male,
808,Davide,Boggers,dboggersmf@usa.gov,Agender,
809,Amanda,Beardwood,abeardwoodmg@xing.com,Female,97.49.28.59
810,Fiona,Holme,fholmemh@vimeo.com,Female,156.213.151.13
811,Lanie,Henryson,,Agender,207.128.239.48
812,Antonina,Hatfield,ahatfieldmj@ihg.com,Female,157.15.53.81
813,Gusti,Rapier,grapiermk@npr.org,Non-binary,218.27.137.254
814,Chilton,Torri,ctorriml@sina.com.cn,Agender,
815,Ase,Genn,agennmm@edublogs.org,Male,
816,Jane,Glacken,jglackenmn@uiuc.edu,Female,151.78.82.38
817,Marquita,Phillipps,mphillippsmo@china.com.cn,Female,194.48.220.124
818,Mercy,Phelipeaux,mphelipeauxmp@webnode.com,Female,157.222.18.131
819,Gifford,Southway,gsouthwaymq@google.ru,Male,161.228.43.51
820,Dulcy,Ecclestone,decclestonemr@people.com.cn,Female,191.132.241.14
821,Dorice,Gumby,dgumbyms@soup.io,Polygender,
822,Dermot,Muscat,dmuscatmt@google.es,Male,87.115.36.96
823,Lara,Bamford,lbamfordmu@google.com,Female,150.20.255.110
824,Charmion,Stooke,cstookemv@seattletimes.com,Female,221.240.22.205
825,Estel,Aitkin,eaitkinmw@github.io,Female,
826,Ellerey,Whitney,ewhitneymx@taobao.com,Male,126.38.125.247
827,Bing,Mollen,bmollenmy@irs.gov,Male,211.111.145.61
828,Brittney,Langcastle,blangcastlemz@craigslist.org,Female,149.22.142.162
829,Verney,Crellin,,Bigender,17.143.237.223
830,Karee,Pessel,kpesseln1@time.com,Female,175.218.14.22
831,Kip,Petford,kpetfordn2@latimes.com,Female,48.163.154.62
832,Hewe,Pawnsford,hpawnsfordn3@abc.net.au,Male,155.154.64.76
833,Giffie,Bedell,gbedelln4@newyorker.com,Male,208.165.210.82
834,Isa,Di Ruggiero,,Male,249.97.207.24
835,Nelle,Bartram,nbartramn6@nature.com,Female,135.35.67.92
836,Lisabeth,Orring,lorringn7@istockphoto.com,Female,175.87.165.95
837,,Bradnock,dbradnockn8@networkadvertising.org,Male,246.177.143.191
838,Ardeen,Lente,alenten9@bbc.co.uk,Female,186.113.100.187
839,Jackelyn,Baterip,jbateripna@delicious.com,,153.137.83.132
840,Marylee,Perrigo,mperrigonb@eventbrite.com,Female,39.136.70.60
841,Corissa,Castagneri,ccastagnerinc@berkeley.edu,Female,63.217.191.58
842,Crysta,Glazebrook,cglazebrooknd@ow.ly,Female,
843,Catie,Barringer,,Female,146.12.182.18
844,Edi,,efindleynf@networkadvertising.org,Female,210.133.109.48
845,Cherish,Densun,cdensunng@privacy.gov.au,Polygender,138.10.91.53
846,Nico,Cuolahan,ncuolahannh@telegraph.co.uk,,23.14.143.16
847,Boony,Arnaud,barnaudni@pen.io,Genderfluid,8.199.238.122
848,Putnem,Chiese,pchiesenj@odnoklassniki.ru,Male,
849,Noelyn,Jentle,njentlenk@nbcnews.com,Genderqueer,207.71.190.16
850,Stu,Haskew,shaskewnl@github.com,Male,51.18.2.142
851,Blondy,Bootes,bbootesnm@clickbank.net,Female,179.229.143.183
852,Rickey,Jiggle,rjigglenn@seattletimes.com,Male,198.39.68.246
853,Udale,Gage,ugageno@dailymotion.com,Male,128.232.188.211
854,Pepe,Castagne,pcastagnenp@discovery.com,Male,139.219.94.24
855,Christiano,Mabone,cmabonenq@cornell.edu,Genderfluid,160.203.65.9
856,Quinn,Schollick,,Male,8.181.249.43
857,Kristen,Akett,kakettns@cargocollective.com,Female,235.151.69.9
858,,Wandtke,bwandtkent@pcworld.com,Female,
859,Flor,Rangall,frangallnu@xinhuanet.com,Female,10.64.126.241
860,Rudolfo,Girauld,rgirauldnv@com.com,Male,221.14.130.192
861,Forrest,Lamboll,flambollnw@economist.com,Male,57.181.208.21
862,Blakelee,Streeting,bstreetingnx@unicef.org,Genderqueer,80.6.126.210
863,,Seward,ssewardny@timesonline.co.uk,Male,127.201.205.74
864,Gale,Bolsover,gbolsovernz@photobucket.com,Female,125.160.47.158
865,Kelby,,ksandello0@imageshack.us,Polygender,55.248.51.115
866,Lyell,Burtonshaw,lburtonshawo1@webs.com,Male,14.200.4.41
867,Burlie,Phoenix,bphoenixo2@quantcast.com,,113.128.217.64
868,Terry,Goggan,tgoggano3@cdbaby.com,Male,32.55.202.204
869,Tansy,Lippini,tlippinio4@wp.com,Female,254.180.222.119
870,Yule,MacCard,ymaccardo5@businessinsider.com,Male,115.85.16.111
871,Leeland,Carneck,lcarnecko6@slideshare.net,Male,225.218.70.160
872,Reina,Brame,rbrameo7@omniture.com,Female,29.110.24.153
873,Vitia,Burrows,vburrowso8@toplist.cz,Female,240.118.150.113
874,Lorri,McCaig,lmccaigo9@about.com,Female,13.39.222.179
875,Denny,Crippill,dcrippilloa@homestead.com,Female,17.96.155.24
876,Marna,Colleford,mcollefordob@weebly.com,Female,153.174.61.16
877,Harlene,Brownbridge,hbrownbridgeoc@weebly.com,Female,140.1.218.0
878,Micah,Whitlow,mwhitlowod@com.com,Male,214.98.179.249
879,Gerrard,Durram,gdurramoe@miitbeian.gov.cn,Male,134.156.213.87
880,Bartholomeo,Dionsetti,bdionsettiof@shinystat.com,Male,203.78.202.190
881,Darcy,Antoney,dantoneyog@marketwatch.com,Male,
882,Lemuel,Methley,lmethleyoh@indiegogo.com,Male,248.215.108.132
883,Slade,Standish-Brooks,sstandishbrooksoi@paginegialle.it,Male,79.68.217.177
884,King,Billison,kbillisonoj@bing.com,,189.74.242.77
885,Karoline,Rossbrook,krossbrookok@technorati.com,,40.78.121.26
886,Dorthy,Learmouth,dlearmouthol@sphinn.com,,110.65.240.26
887,Elspeth,Chastanet,echastanetom@mediafire.com,,
888,Barnie,,bohengertyon@bbb.org,Male,106.221.118.18
889,Wye,Ruseworth,wruseworthoo@studiopress.com,Agender,177.176.138.162
890,Sophi,d'Escoffier,sdescoffierop@indiegogo.com,Female,178.17.86.110
891,Gwenneth,Fantonetti,gfantonettioq@vistaprint.com,Female,138.57.157.33
892,Amber,Nuemann,anuemannor@google.it,Female,161.107.208.80
893,Carlene,Cray,ccrayos@ed.gov,Female,219.226.21.153
894,Sebastiano,Loosley,sloosleyot@nps.gov,Male,184.108.136.73
895,Harriette,Tuckwell,htuckwellou@princeton.edu,Female,23.88.236.2
896,Roxi,Laurenceau,rlaurenceauov@livejournal.com,Female,143.82.223.29
897,Georgi,Bloomfield,gbloomfieldow@ftc.gov,Male,166.206.86.121
898,Der,Allison,dallisonox@sogou.com,Male,9.241.51.43
899,Perry,Burkill,pburkilloy@printfriendly.com,Male,32.77.75.203
900,Tonya,Lyford,tlyfordoz@imageshack.us,,54.161.9.45
901,Antonina,Reinbach,areinbachp0@tamu.edu,Female,230.221.161.105
902,Alfy,Elis,aelisp1@paypal.com,Non-binary,123.60.117.72
903,Aylmer,Makey,amakeyp2@census.gov,Male,203.72.74.14
904,Dom,Bartolomeotti,dbartolomeottip3@fc2.com,Male,109.204.107.185
905,Drugi,Bastard,dbastardp4@senate.gov,,18.3.253.248
906,Quincy,Georgeau,qgeorgeaup5@wisc.edu,Male,29.202.86.59
907,Pierette,Stonhard,pstonhardp6@vinaora.com,Female,6.84.1.220
908,Hartwell,Kunisch,hkunischp7@earthlink.net,Male,
909,Kory,Toombs,ktoombsp8@disqus.com,,217.104.22.203
910,Hunter,Ellice,hellicep9@deliciousdays.com,Male,175.144.171.251
911,Fred,Sutcliff,fsutcliffpa@timesonline.co.uk,Male,
912,Mord,Bengle,mbenglepb@cpanel.net,Male,242.119.133.118
913,Jarrod,Fright,jfrightpc@unesco.org,Male,45.222.157.167
914,Lari,Noyce,lnoycepd@marriott.com,Non-binary,16.68.140.55
915,Ethe,Sidsaff,esidsaffpe@naver.com,Male,183.219.134.199
916,Brock,Bronot,bbronotpf@java.com,Male,180.58.220.64
917,Renee,Haddeston,rhaddestonpg@ifeng.com,Female,187.222.33.38
918,Abbie,Richten,arichtenph@vistaprint.com,Female,101.76.37.162
919,Bernardine,Grissett,bgrissettpi@reuters.com,Female,44.226.35.130
920,Mayer,Vasilechko,mvasilechkopj@about.com,Male,80.194.64.245
921,Zack,Nawton,znawtonpk@hc360.com,Male,
922,Hester,Jewer,hjewerpl@bluehost.com,Female,210.199.222.36
923,Rossy,Newburn,rnewburnpm@google.de,Male,126.126.83.116
924,Dukie,Stillgoe,dstillgoepn@yelp.com,Male,29.91.30.118
925,Rickard,Calleja,rcallejapo@bloglovin.com,Male,40.195.11.230
926,Moritz,Wackly,mwacklypp@cdbaby.com,Male,161.191.106.148
927,Salvador,Robinette,srobinettepq@businesswire.com,Male,235.110.40.209
928,Annadiane,Van Niekerk,avanniekerkpr@sbwire.com,Female,252.144.5.196
929,Hedda,Vitall,hvitallps@gov.uk,,11.12.178.211
930,Bennie,Larsen,blarsenpt@sphinn.com,Male,179.57.49.18
931,,Bean,bbeanpu@nydailynews.com,Female,233.81.22.222
932,Remus,Shaughnessy,rshaughnessypv@toplist.cz,Male,14.167.70.231
933,Mina,,mbourpw@sogou.com,Female,4.158.239.180
934,Jacob,Stammirs,jstammirspx@nih.gov,Male,217.215.1.158
935,Mildred,Joanic,,Female,192.98.205.8
936,Alfy,,arookesbypz@cam.ac.uk,Genderqueer,171.225.166.218
937,,Kirckman,akirckmanq0@discovery.com,Female,98.71.172.131
938,Lu,Adrain,ladrainq1@illinois.edu,Female,206.136.43.206
939,Mal,Smorfit,msmorfitq2@cisco.com,Male,214.5.141.184
940,Harlin,Colleton,hcolletonq3@storify.com,Male,77.158.195.199
941,Bev,Sentance,bsentanceq4@pen.io,Male,113.122.25.181
942,Doralynn,Arsey,darseyq5@phpbb.com,Non-binary,40.153.114.244
943,Ashbey,Bullerwell,abullerwellq6@statcounter.com,Male,
944,Andria,Nickerson,anickersonq7@alibaba.com,Female,216.199.59.216
945,Ancell,Boyen,aboyenq8@eepurl.com,Male,148.174.224.230
946,Wayland,Hubery,whuberyq9@bizjournals.com,Male,151.88.32.83
947,Cleo,Casari,ccasariqa@plala.or.jp,Female,249.12.47.175
948,Ermin,Heiner,eheinerqb@arizona.edu,Male,199.103.20.190
949,Andreana,Ashington,aashingtonqc@1und1.de,Female,58.60.35.47
950,Byram,,brobartsqd@networkadvertising.org,Male,13.19.90.134
951,Launce,Batrick,lbatrickqe@desdev.cn,Male,86.215.151.201
952,Josy,Mavin,,,129.180.178.31
953,Johnette,Simanek,jsimanekqg@sakura.ne.jp,Female,102.182.47.38
954,Louie,Hubbard,,Male,75.125.174.141
955,Ellissa,Reddington,ereddingtonqi@cbc.ca,Female,210.84.254.222
956,Codie,Valenta,cvalentaqj@deviantart.com,Female,1.174.222.70
957,Carlye,Jellico,cjellicoqk@google.fr,Female,79.143.62.251
958,Jennilee,Ginman,jginmanql@harvard.edu,Female,245.114.60.28
959,Juliann,Wesson,jwessonqm@pen.io,Female,0.89.143.108
960,Wylma,Stollenbecker,wstollenbeckerqn@examiner.com,Female,66.112.66.251
961,Bernie,Ivanchikov,bivanchikovqo@tripod.com,Female,42.213.249.252
962,Darren,Bellows,dbellowsqp@wp.com,Male,66.55.211.131
963,Leland,Schinetti,lschinettiqq@blogs.com,Male,65.79.160.222
964,Luciana,Garioch,lgariochqr@delicious.com,Female,15.199.165.12
965,Dennie,MacCulloch,dmaccullochqs@mapy.cz,Male,207.131.164.133
966,Allayne,,ajermynqt@youtube.com,Polygender,41.147.249.112
967,Christy,Mandell,cmandellqu@weebly.com,Male,74.19.122.23
968,Lief,Hince,lhinceqv@apache.org,Male,10.57.45.189
969,Christophe,Toe,ctoeqw@mlb.com,Male,
970,Phillip,Bettles,pbettlesqx@geocities.jp,,200.36.44.44
971,Rene,Chedzoy,rchedzoyqy@yandex.ru,Male,102.64.90.61
972,Ive,Pinson,ipinsonqz@sourceforge.net,Male,57.150.169.87
973,Michele,,mjenynsr0@photobucket.com,Male,194.224.195.169
974,Odessa,Triggle,otriggler1@godaddy.com,Female,116.171.213.33
975,Sandy,,sthursfieldr2@facebook.com,Male,246.110.29.126
976,Sallyanne,Bantick,,Female,95.66.103.226
977,Valaria,Dalley,vdalleyr4@tuttocitta.it,Female,235.155.30.185
978,Lynnett,Keasy,lkeasyr5@ftc.gov,Female,101.180.243.182
979,Chere,Milthorpe,cmilthorper6@stanford.edu,Female,204.208.201.130
980,Dominik,Colombier,dcolombierr7@bandcamp.com,Male,28.59.199.89
981,Hasheem,Crowcroft,hcrowcroftr8@ca.gov,Male,185.97.83.1
982,Abbot,Plues,apluesr9@hexun.com,Male,158.7.152.136
983,Burnard,Eisenberg,beisenbergra@yahoo.com,Male,
984,Luci,,lwharbyrb@narod.ru,Female,101.78.184.118
985,Cathee,Cowdray,ccowdrayrc@gravatar.com,,233.60.197.71
986,Dulce,Conman,dconmanrd@cyberchimps.com,Female,
987,Elisabetta,Bosward,eboswardre@ovh.net,Non-binary,93.32.192.52
988,Amandy,Hackly,ahacklyrf@wix.com,Female,14.133.78.118
989,Aprilette,Wharin,awharinrg@chicagotribune.com,Female,39.225.73.150
990,Farlie,Rubenov,,Male,18.201.206.216
991,Emmott,Hlavac,ehlavacri@networksolutions.com,Male,
992,Josiah,Borzone,jborzonerj@sitemeter.com,Male,131.89.101.245
993,Hollis,Gull,hgullrk@usgs.gov,,16.93.9.174
994,Lusa,Lantuff,llantuffrl@nasa.gov,Female,121.187.201.229
995,Robyn,Darey,rdareyrm@paypal.com,Female,99.99.204.233
996,,Corde,lcordern@xrea.com,Genderqueer,184.165.209.210
997,Brinna,Kirwin,bkirwinro@loc.gov,,29.28.117.119
998,Nilson,Palfrie,,Male,152.32.31.237
999,Lib,Smallacombe,lsmallacomberq@flavors.me,Female,186.248.167.6
1000,Cleveland,Seathwright,cseathwrightrr@constantcontact.com,,134.86.59.0
